{
    "openapi": "3.0.0",
    "info": {
        "title": "My Project API",
        "version": "1.0",
        "description": "API documentation for My Project",
        "contact": {
            "email": "support@example.com"
        }
    },
    "paths": {
        "/account/accountpage": {
            "get": {
                "tags": [
                    "Account"
                ],
                "responses": {
                    "200": {
                        "description": "Successful operation"
                    },
                    "400": {
                        "description": "Bad request"
                    }
                }
            }
        },
        "/account/sendtestemail": {
            "get": {
                "tags": [
                    "Account"
                ],
                "responses": {
                    "200": {
                        "description": "Successful operation"
                    },
                    "400": {
                        "description": "Bad request"
                    }
                }
            }
        },
        "/admin/statisticsaction": {
            "get": {
                "tags": [
                    "Admin"
                ],
                "responses": {
                    "200": {
                        "description": "Successful operation"
                    },
                    "400": {
                        "description": "Bad request"
                    }
                }
            }
        },
        "/api/productsaction": {
            "get": {
                "tags": [
                    "Api"
                ],
                "responses": {
                    "200": {
                        "description": "Successful operation"
                    },
                    "400": {
                        "description": "Bad request"
                    }
                }
            }
        },
        "/api/citiesaction": {
            "get": {
                "tags": [
                    "Api"
                ],
                "responses": {
                    "200": {
                        "description": "Successful operation"
                    },
                    "400": {
                        "description": "Bad request"
                    }
                }
            }
        },
        "/confidentialite/politiqueaction": {
            "get": {
                "tags": [
                    "Confidentialite"
                ],
                "responses": {
                    "200": {
                        "description": "Successful operation"
                    },
                    "400": {
                        "description": "Bad request"
                    }
                }
            }
        },
        "/contact/formaction": {
            "get": {
                "tags": [
                    "Contact"
                ],
                "responses": {
                    "200": {
                        "description": "Successful operation"
                    },
                    "400": {
                        "description": "Bad request"
                    }
                }
            }
        },
        "/contact/sendaction": {
            "get": {
                "tags": [
                    "Contact"
                ],
                "responses": {
                    "200": {
                        "description": "Successful operation"
                    },
                    "400": {
                        "description": "Bad request"
                    }
                }
            }
        },
        "/contact/contact": {
            "get": {
                "tags": [
                    "Contact"
                ],
                "responses": {
                    "200": {
                        "description": "Successful operation"
                    },
                    "400": {
                        "description": "Bad request"
                    }
                }
            }
        },
        "/home/indexaction": {
            "get": {
                "tags": [
                    "Home"
                ],
                "responses": {
                    "200": {
                        "description": "Successful operation"
                    },
                    "400": {
                        "description": "Bad request"
                    }
                }
            }
        },
        "/product/showaction": {
            "get": {
                "tags": [
                    "Product"
                ],
                "responses": {
                    "200": {
                        "description": "Successful operation"
                    },
                    "400": {
                        "description": "Bad request"
                    }
                }
            }
        },
        "/search/searchaction": {
            "get": {
                "tags": [
                    "Search"
                ],
                "responses": {
                    "200": {
                        "description": "Successful operation"
                    },
                    "400": {
                        "description": "Bad request"
                    }
                }
            }
        },
        "/user/loginaction": {
            "get": {
                "tags": [
                    "User"
                ],
                "responses": {
                    "200": {
                        "description": "Successful operation"
                    },
                    "400": {
                        "description": "Bad request"
                    }
                }
            }
        },
        "/user/registeraction": {
            "get": {
                "tags": [
                    "User"
                ],
                "responses": {
                    "200": {
                        "description": "Successful operation"
                    },
                    "400": {
                        "description": "Bad request"
                    }
                }
            }
        },
        "/user/accountaction": {
            "get": {
                "tags": [
                    "User"
                ],
                "responses": {
                    "200": {
                        "description": "Successful operation"
                    },
                    "400": {
                        "description": "Bad request"
                    }
                }
            }
        },
        "/user/register": {
            "get": {
                "tags": [
                    "User"
                ],
                "responses": {
                    "200": {
                        "description": "Successful operation"
                    },
                    "400": {
                        "description": "Bad request"
                    }
                }
            }
        },
        "/user/login": {
            "get": {
                "tags": [
                    "User"
                ],
                "responses": {
                    "200": {
                        "description": "Successful operation"
                    },
                    "400": {
                        "description": "Bad request"
                    }
                }
            }
        },
        "/user/createremembermecookie": {
            "get": {
                "tags": [
                    "User"
                ],
                "responses": {
                    "200": {
                        "description": "Successful operation"
                    },
                    "400": {
                        "description": "Bad request"
                    }
                }
            }
        },
        "/user/autologin": {
            "get": {
                "tags": [
                    "User"
                ],
                "responses": {
                    "200": {
                        "description": "Successful operation"
                    },
                    "400": {
                        "description": "Bad request"
                    }
                }
            }
        },
        "/user/logoutaction": {
            "get": {
                "tags": [
                    "User"
                ],
                "responses": {
                    "200": {
                        "description": "Successful operation"
                    },
                    "400": {
                        "description": "Bad request"
                    }
                }
            }
        }
    }
}